Timestamp,WardenCaptures,ColonialCaptures,WardenCasualties,ColonialCasualties,WardenCasualtyRate,ColonialCasualityRate,SteamPlayers
2019-08-30 09:27:01,160,184,0,0,0,0,329
2019-08-30 09:57:01,187,186,288,271,288,271,381
2019-08-30 10:27:01,188,187,611,606,602,602,396
2019-08-30 10:57:01,189,188,1122,1086,882,855,390
2019-08-30 11:27:01,189,188,1528,1610,918,1004,373
2019-08-30 11:57:01,190,190,1850,2033,728,947,362
2019-08-30 12:27:02,189,190,2152,2394,628,788,370
2019-08-30 12:58:01,189,192,2499,2753,649,720,375
2019-08-30 13:28:01,189,192,2890,3261,738,868,360
2019-08-30 13:58:01,189,192,3320,3776,840,1046,363
2019-08-30 14:28:01,188,192,3678,4250,790,992,357
2019-08-30 14:58:01,188,192,4042,4644,745,896,336
2019-08-30 15:28:01,189,191,4395,4994,717,746,308
2019-08-30 15:58:01,188,190,4707,5347,659,697,288
2019-08-30 16:28:01,189,189,4999,5708,606,716,269
2019-08-30 16:58:01,189,190,5228,5979,521,632,257
2019-08-30 17:28:01,189,190,5475,6268,477,560,231
2019-08-30 17:58:01,189,190,5658,6489,415,490,229
2019-08-30 18:28:01,189,188,5860,6708,385,441,210
2019-08-30 18:58:01,189,187,6053,6908,372,397,215
2019-08-30 19:28:02,189,187,6300,7181,441,473,218
2019-08-30 19:59:02,188,187,6512,7454,461,550,236
2019-08-30 20:30:01,187,187,6722,7683,438,516,220
2019-08-30 21:00:01,185,187,6944,7926,432,472,206
2019-08-30 21:30:01,185,187,7221,8211,499,528,195
2019-08-30 22:00:01,184,187,7473,8546,519,636,194
2019-08-30 22:30:01,182,190,7691,8857,464,627,186
2019-08-30 23:00:01,182,192,7908,9157,435,611,167
2019-08-30 23:30:01,182,192,8100,9429,400,561,150
2019-08-31 00:00:02,182,194,8271,9634,363,477,144
2019-08-31 00:31:01,181,196,8456,9808,354,381,152
2019-08-31 01:01:01,180,196,8607,9964,329,329,142
2019-08-31 01:31:01,180,198,8782,10120,326,311,149
2019-08-31 02:01:01,180,197,8953,10258,346,294,155
2019-08-31 02:31:01,181,197,9185,10435,376,290,163
2019-08-31 03:01:01,180,197,9390,10621,398,338,168
2019-08-31 03:31:01,180,198,9547,10791,362,356,189
2019-08-31 04:01:01,181,199,9723,10960,330,337,186
2019-08-31 04:31:01,184,199,9926,11162,382,372,202
2019-08-31 05:01:01,183,199,10174,11339,470,394,197
2019-08-31 05:31:01,185,198,10285,11445,364,288,200
2019-08-31 06:01:01,185,197,10418,11591,261,269,231
2019-08-31 06:31:01,185,197,10555,11751,270,308,262
2019-08-31 07:01:01,185,198,10731,11927,313,336,283
2019-08-31 07:31:02,185,198,10955,12169,400,418,317
2019-08-31 08:02:01,183,199,11199,12423,440,465,343
2019-08-31 08:32:01,183,200,11484,12669,516,495,367
2019-08-31 09:02:01,182,200,11827,13024,629,602,368
2019-08-31 09:32:01,180,198,12105,13319,583,602,370
2019-08-31 10:02:01,183,197,12451,13665,631,649,375
2019-08-31 10:32:01,184,196,12804,14007,657,647,364
2019-08-31 11:02:01,186,195,13231,14367,783,705,359
2019-08-31 11:32:01,187,194,13680,14833,882,833,351
2019-08-31 12:02:01,188,194,14099,15195,868,828,375
2019-08-31 12:32:01,186,195,14503,15697,779,827,378
2019-08-31 13:02:01,186,196,14935,16206,769,949,368
2019-08-31 13:32:01,186,196,15397,16692,913,1014,343
2019-08-31 14:02:01,185,197,15858,17051,930,852,337
2019-08-31 14:32:01,184,199,16274,17461,880,775,301
2019-08-31 15:02:02,184,198,16622,17836,702,717,292
2019-08-31 15:33:01,185,198,16891,18180,617,722,285
2019-08-31 16:03:01,185,199,17218,18454,596,618,287
2019-08-31 16:33:01,185,199,17587,18735,671,524,265
2019-08-31 17:03:01,185,199,17801,18930,461,408,249
2019-08-31 17:33:01,185,199,18012,19104,426,374,235
2019-08-31 18:03:02,184,200,18242,19292,479,388,236
2019-08-31 18:34:02,184,201,18461,19532,453,433,224
2019-08-31 19:05:01,182,203,18819,19747,509,382,230
2019-08-31 19:35:01,182,203,19045,19946,500,347,229
2019-08-31 20:05:01,180,203,19241,20134,423,387,230
2019-08-31 20:35:01,179,204,19461,20327,416,381,223
2019-08-31 21:05:01,180,205,19644,20522,403,388,214
2019-08-31 21:35:01,180,205,19818,20678,358,352,197
2019-08-31 22:05:01,181,206,20005,20871,361,350,195
2019-08-31 22:35:01,181,206,20188,21077,369,399,188
2019-08-31 23:05:02,181,206,20363,21230,368,355,179
2019-08-31 23:36:01,182,207,20573,21372,385,296,173
2019-09-01 00:06:01,183,207,20764,21524,401,294,190
2019-09-01 00:36:01,182,208,21004,21657,431,285,186
2019-09-01 01:06:01,180,208,21140,21788,382,269,189
2019-09-01 01:36:01,179,209,21315,21949,317,298,182
2019-09-01 02:06:01,178,209,21473,22030,333,243,185
2019-09-01 02:36:01,178,210,21630,22183,316,246,192
2019-09-01 03:06:01,180,209,21826,22345,372,331,165
2019-09-01 03:36:01,180,209,22010,22490,383,306,178
2019-09-01 04:06:01,181,209,22144,22621,318,276,188
2019-09-01 04:36:01,180,208,22341,22790,332,300,213
2019-09-01 05:06:01,180,207,22504,22952,362,331,209
2019-09-01 05:36:01,181,207,22669,23108,328,318,214
2019-09-01 06:06:01,181,208,22893,23291,389,339,218
2019-09-01 06:36:01,182,209,23096,23412,428,305,228
2019-09-01 07:06:01,182,209,23305,23573,412,282,242
2019-09-01 07:36:01,182,209,23543,23762,447,352,267
2019-09-01 08:06:01,182,209,23799,24024,495,451,299
2019-09-01 08:36:01,182,209,24006,24273,463,512,304
2019-09-01 09:06:01,181,210,24249,24541,450,517,304
2019-09-01 09:36:01,181,210,24525,24816,521,544,325
2019-09-01 10:06:01,181,210,24807,25146,558,605,344
2019-09-01 10:36:01,180,210,25090,25429,578,586,335
2019-09-01 11:06:01,179,211,25289,25715,515,600,355
2019-09-01 11:36:01,179,212,25545,26027,455,598,341
2019-09-01 12:06:01,179,212,25806,26273,517,558,367
2019-09-01 12:36:01,179,213,26143,26622,598,594,378
2019-09-01 13:06:01,177,213,26544,27026,738,753,378
2019-09-01 13:36:01,177,214,27028,27600,887,979,365
2019-09-01 14:06:01,176,215,27438,28011,894,985,341
2019-09-01 14:36:01,175,215,27808,28396,795,813,320
2019-09-01 15:06:01,171,217,28085,28613,673,631,288
2019-09-01 15:36:01,171,217,28344,28837,540,444,259
2019-09-01 16:06:01,169,218,28596,29052,521,449,233
2019-09-01 16:36:01,168,217,28825,29257,486,430,253
2019-09-01 17:06:01,169,217,29041,29542,419,484,249
2019-09-01 17:36:02,169,217,29283,29797,458,541,249
2019-09-01 18:07:01,167,218,29605,30106,552,541,236
2019-09-01 18:37:01,166,219,29880,30369,573,554,240
2019-09-01 19:07:01,165,221,30137,30627,562,583,234
2019-09-01 19:37:01,165,222,30398,30977,529,626,236
2019-09-01 20:07:01,165,222,30649,31280,534,684,231
2019-09-01 20:37:01,165,222,30991,31606,593,630,227
2019-09-01 21:07:01,163,222,31291,31821,642,541,221
2019-09-01 21:37:02,163,223,31436,31986,410,355,205
2019-09-01 22:08:01,164,222,31676,32225,396,413,187
2019-09-01 22:38:01,163,224,31871,32481,445,506,174
2019-09-01 23:08:01,163,224,32046,32666,331,402,160
2019-09-01 23:38:01,163,225,32213,32807,342,326,141
2019-09-02 00:08:01,162,226,32316,32973,270,307,133
2019-09-02 00:38:01,162,226,32397,33103,182,299,133
2019-09-02 01:08:01,162,226,32485,33231,164,237,134
2019-09-02 01:38:01,160,228,32599,33354,202,249,131
2019-09-02 02:08:01,160,230,32715,33491,230,261,134
2019-09-02 02:38:01,158,230,32834,33624,248,285,136
2019-09-02 03:08:01,158,232,32949,33756,235,266,140
2019-09-02 03:38:01,157,233,33052,33905,224,291,146
2019-09-02 04:08:01,155,234,33113,34030,185,306,153
2019-09-02 04:38:01,154,235,33197,34175,150,279,157
2019-09-02 05:08:01,153,236,33284,34330,171,300,162
2019-09-02 05:38:01,153,237,33408,34484,209,308,178
2019-09-02 06:08:01,152,238,33523,34614,239,284,198
2019-09-02 06:38:02,152,238,33733,34784,325,299,197
2019-09-02 07:09:01,152,238,33916,34961,403,357,210
2019-09-02 07:39:02,152,238,34091,35124,377,363,223
2019-09-02 08:10:01,151,238,34240,35314,324,359,234
2019-09-02 08:40:01,151,238,34415,35480,293,305,263
2019-09-02 09:10:01,152,237,34654,35702,395,382,295
2019-09-02 09:40:01,152,237,34962,35939,533,444,309
2019-09-02 10:10:01,152,237,35224,36175,577,480,327
2019-09-02 10:40:02,152,239,35546,36491,585,553,326
2019-09-02 11:11:01,152,238,35923,36917,600,649,347
2019-09-02 11:41:01,151,240,36294,37275,657,683,364
2019-09-02 12:11:01,151,240,36611,37665,685,746,374
2019-09-02 12:41:01,151,240,36940,38131,648,857,343
2019-09-02 13:11:01,151,240,37198,38489,587,824,338
2019-09-02 13:41:01,151,239,37596,38827,657,700,292
2019-09-02 14:11:01,152,239,37853,39058,655,569,277
2019-09-02 14:41:02,152,238,38125,39265,521,434,279
2019-09-02 15:12:01,151,238,38395,39496,530,434,261
2019-09-02 15:42:01,151,241,38617,39723,495,458,242
2019-09-02 16:12:01,151,242,38777,39899,406,415,241
2019-09-02 16:42:01,150,242,38954,40165,337,445,241
2019-09-02 17:12:01,150,242,39186,40400,410,501,250
2019-09-02 17:42:01,150,243,39410,40673,457,513,248
2019-09-02 18:12:02,150,243,39648,40897,461,500,235
2019-09-02 18:42:02,149,244,39802,41136,392,466,228
2019-09-02 19:13:01,150,243,39960,41323,313,426,233
2019-09-02 19:43:01,150,243,40215,41609,412,469,232
2019-09-02 20:13:01,151,241,40368,41794,408,471,212
2019-09-02 20:43:01,151,241,40566,41975,353,367,189
2019-09-02 21:13:01,150,241,40705,42143,337,349,162
2019-09-02 21:43:01,149,241,40830,42276,264,302,151
2019-09-02 22:13:01,149,241,40963,42388,246,238,151
2019-09-02 22:43:01,150,240,41095,42536,265,260,144
2019-09-02 23:13:01,152,240,41241,42622,278,234,125
2019-09-02 23:43:01,153,239,41352,42714,261,181,113
2019-09-03 00:13:01,154,239,41415,42807,185,197,110
2019-09-03 00:43:02,154,239,41478,42878,135,178,106
2019-09-03 01:13:02,154,239,41517,42939,102,134,98
2019-09-03 01:44:01,155,239,41552,43017,78,140,119
2019-09-03 02:14:01,155,238,41632,43102,116,163,121
2019-09-03 02:44:01,154,239,41759,43212,235,213,127
2019-09-03 03:14:01,154,239,41882,43329,250,233,142
2019-09-03 03:44:01,153,240,42041,43441,285,235,151
2019-09-03 04:14:01,152,240,42142,43547,259,218,135
2019-09-03 04:44:01,152,241,42233,43693,191,254,155
2019-09-03 05:14:01,152,241,42329,43821,187,274,146
2019-09-03 05:44:01,152,241,42424,43965,203,292,164
2019-09-03 06:14:01,151,243,42552,44113,215,273,170
2019-09-03 06:44:01,151,243,42678,44300,256,336,190
2019-09-03 07:14:01,150,243,42881,44483,329,370,183
2019-09-03 07:44:01,152,240,43133,44687,493,409,203
2019-09-03 08:14:01,153,240,43322,44860,441,377,196
2019-09-03 08:44:01,153,240,43479,45052,348,365,205
2019-09-03 09:14:01,153,239,43672,45231,358,381,220
2019-09-03 09:44:01,154,239,43917,45465,442,421,249
2019-09-03 10:14:01,154,239,44108,45722,436,492,238
2019-09-03 10:44:01,154,238,44314,46045,399,581,254
2019-09-03 11:14:01,154,238,44547,46302,438,580,264
2019-09-03 11:44:01,155,236,44766,46614,452,570,279
2019-09-03 12:14:01,155,238,44947,46835,404,537,289
2019-09-03 12:44:01,155,238,45155,47032,405,438,292
2019-09-03 13:14:01,150,240,45366,47287,421,452,279
2019-09-03 13:44:01,149,240,45597,47585,446,561,275
2019-09-03 14:14:02,149,244,45865,47799,478,491,266
2019-09-03 14:45:01,149,245,46060,48005,463,421,254
2019-09-03 15:15:01,149,245,46308,48206,421,385,241
2019-09-03 15:45:02,150,244,46511,48378,452,374,241
2019-09-03 16:16:01,149,243,46830,48574,521,360,241
2019-09-03 16:46:01,148,243,47120,48839,614,478,253
2019-09-03 17:16:01,147,243,47362,49121,532,545,263
2019-09-03 17:46:02,147,243,47706,49463,590,630,244
2019-09-03 18:17:01,147,243,47987,49847,624,726,235
2019-09-03 18:47:01,146,245,48190,50244,486,783,227
2019-09-03 19:17:01,145,246,48395,50442,408,595,221
2019-09-03 19:47:01,143,247,48553,50668,375,488,216
2019-09-03 20:17:01,143,249,48695,50815,305,363,196
2019-09-03 20:47:01,143,249,48779,50946,226,281,174
2019-09-03 21:17:01,143,248,48832,51047,138,233,151
2019-09-03 21:47:01,143,248,48907,51149,129,205,158
2019-09-03 22:17:01,143,248,48964,51281,132,234,168
2019-09-03 22:47:01,143,248,49056,51470,161,334,146
2019-09-03 23:17:01,143,248,49140,51617,170,326,143
2019-09-03 23:47:01,144,248,49221,51751,164,282,141
2019-09-04 00:17:01,144,248,49325,51881,189,268,121
2019-09-04 00:47:01,144,248,49464,52050,242,290,112
2019-09-04 01:17:01,144,248,49564,52151,233,257,110
2019-09-04 01:47:01,144,248,49656,52257,185,194,118
2019-09-04 02:17:01,144,248,49777,52411,213,260,135
2019-09-04 02:47:01,145,247,49954,52626,289,358,135
2019-09-04 03:17:02,145,247,50089,52827,312,416,124
2019-09-04 03:48:01,145,244,50157,52942,210,329,131
2019-09-04 04:18:01,147,243,50211,53012,129,185,139
2019-09-04 04:48:01,149,243,50274,53066,121,123,137
2019-09-04 05:18:01,151,243,50322,53142,120,142,164
2019-09-04 05:48:01,151,243,50397,53271,129,219,155
2019-09-04 06:18:01,151,243,50468,53389,146,255,158
2019-09-04 06:48:01,152,241,50554,53494,156,226,155
2019-09-04 07:18:01,154,239,50625,53535,177,163,177
2019-09-04 07:48:01,154,237,50737,53672,185,177,194
2019-09-04 08:18:01,156,237,50843,53776,219,245,203
2019-09-04 08:48:01,156,237,50970,53896,236,232,219
2019-09-04 09:18:01,158,235,51106,53998,272,229,231
2019-09-04 09:48:01,159,234,51241,54125,264,207,250
2019-09-04 10:18:01,159,235,51461,54296,362,303,271
2019-09-04 10:48:01,160,235,51741,54469,498,344,265
2019-09-04 11:18:01,160,235,51994,54688,533,392,279
2019-09-04 11:48:02,160,235,52350,54959,610,496,284
2019-09-04 12:19:01,161,234,52659,55216,667,530,280
2019-09-04 12:49:01,161,233,53039,55560,700,612,280
2019-09-04 13:19:01,161,231,53311,55815,640,610,270
2019-09-04 13:49:01,163,232,53501,56024,429,441,257
2019-09-04 14:19:01,164,228,53712,56245,401,431,254
2019-09-04 14:49:01,166,228,53926,56443,426,421,244
2019-09-04 15:19:01,166,227,54077,56606,365,362,237
2019-09-04 15:49:01,167,227,54204,56781,291,357,237
2019-09-04 16:19:01,166,226,54355,56957,284,346,232
2019-09-04 16:49:01,167,227,54507,57150,304,372,232
2019-09-04 17:19:01,166,227,54651,57347,295,391,231
2019-09-04 17:49:01,167,228,54823,57582,300,416,224
2019-09-04 18:19:01,168,227,55023,57820,374,474,205
2019-09-04 18:49:01,168,227,55223,57992,402,411,190
2019-09-04 19:19:01,168,226,55401,58189,377,369,196
2019-09-04 19:49:01,168,225,55580,58364,347,371,189
2019-09-04 20:19:01,169,222,55739,58495,340,306,182
2019-09-04 20:49:01,171,222,55919,58664,339,300,160
2019-09-04 21:19:01,172,222,56074,58800,357,326,154
2019-09-04 21:49:01,172,222,56243,58936,326,273,152
2019-09-04 22:19:01,171,222,56394,59077,321,278,138
2019-09-04 22:49:01,171,222,56527,59203,287,272,129
2019-09-04 23:19:01,170,222,56671,59337,280,261,128
2019-09-04 23:49:01,170,222,56870,59545,345,344,117
2019-09-05 00:19:01,170,221,57019,59652,348,315,113
2019-09-05 00:49:01,170,221,57127,59802,266,257,112
2019-09-05 01:19:01,171,222,57224,59900,206,247,123
2019-09-05 01:49:02,170,222,57366,60004,241,202,120
2019-09-05 02:20:01,171,221,57459,60115,242,223,118
2019-09-05 02:50:01,172,218,57491,60169,128,165,119
2019-09-05 03:20:01,174,217,57522,60200,63,86,120
2019-09-05 03:50:01,174,215,57617,60286,127,118,129
2019-09-05 04:20:02,180,214,57690,60406,172,211,136
2019-09-05 04:51:01,179,214,57748,60505,132,219,135
2019-09-05 05:21:01,180,213,57790,60553,100,147,124
2019-09-05 05:51:01,180,213,57838,60602,84,94,154
2019-09-05 06:21:02,180,212,57946,60742,155,192,162
2019-09-05 06:52:01,180,212,58004,60810,132,171,166
2019-09-05 07:22:01,181,212,58065,60864,113,109,176
2019-09-05 07:52:01,181,212,58137,60973,135,166,185
2019-09-05 08:22:01,181,211,58222,61075,156,202,201
2019-09-05 08:52:01,184,210,58369,61242,235,270,203
2019-09-05 09:22:01,184,210,58569,61446,352,372,217
2019-09-05 09:52:02,184,209,58797,61719,441,487,233
2019-09-05 10:23:01,185,208,58990,61885,435,456,231
2019-09-05 10:53:01,186,205,59191,62129,392,412,253
2019-09-05 11:23:01,188,206,59367,62346,347,437,257
2019-09-05 11:53:01,188,206,59589,62528,400,399,257
2019-09-05 12:23:01,190,204,59833,62749,466,403,263
2019-09-05 12:53:01,190,204,60101,63025,543,525,261
2019-09-05 13:23:01,190,202,60392,63341,561,592,245
2019-09-05 13:53:01,190,202,60637,63624,526,579,249
2019-09-05 14:23:01,191,202,60936,63887,544,546,239
2019-09-05 14:53:01,190,202,61190,64164,554,542,229
2019-09-05 15:23:01,190,203,61409,64413,474,526,224
2019-09-05 15:53:01,189,202,61654,64686,463,527,221
2019-09-05 16:23:01,190,202,61888,64951,460,515,213
2019-09-05 16:53:01,192,201,62120,65227,468,550,215
2019-09-05 17:23:02,192,201,62359,65444,477,501,199
2019-09-05 17:54:01,191,200,62476,65614,357,387,205
2019-09-05 18:24:01,191,201,62625,65742,271,290,209
2019-09-05 18:54:01,189,202,62724,65897,230,279,219
2019-09-05 19:24:01,187,204,62872,66065,255,328,220
2019-09-05 19:54:01,186,204,63025,66299,301,402,195
2019-09-05 20:24:01,187,202,63168,66502,297,437,191
2019-09-05 20:54:01,186,202,63295,66692,281,409,177
2019-09-05 21:24:01,187,203,63476,66882,307,355,162
2019-09-05 21:54:01,185,204,63656,66991,365,301,161
2019-09-05 22:24:02,186,203,63798,67110,323,229,146
2019-09-05 22:55:01,187,202,63933,67237,253,233,132
2019-09-05 23:25:01,189,202,64079,67387,282,276,129
2019-09-05 23:55:01,192,200,64207,67515,276,280,127
2019-09-06 00:25:01,192,200,64324,67652,245,264,112
2019-09-06 00:55:02,192,200,64429,67775,199,229,103
2019-09-06 01:26:01,192,200,64480,67841,128,165,99
2019-09-06 01:56:01,191,200,64569,67919,143,147,101
2019-09-06 02:26:01,192,199,64649,68041,157,196,98
2019-09-06 02:56:01,192,198,64768,68095,184,154,100
2019-09-06 03:26:01,193,198,64876,68247,232,213,111
2019-09-06 03:56:01,193,198,64967,68352,201,256,116
2019-09-06 04:26:01,192,199,65074,68485,200,242,136
2019-09-06 04:56:01,191,199,65216,68677,235,316,128
2019-09-06 05:26:01,192,199,65327,68847,215,308,139
2019-09-06 05:56:01,191,196,65471,69029,258,357,146
2019-09-06 06:26:01,190,196,65593,69238,266,393,152
2019-09-06 06:56:01,190,196,65807,69409,337,381,166
2019-09-06 07:26:01,191,199,65958,69595,303,322,185
2019-09-06 07:56:02,190,199,66138,69828,286,363,194
2019-09-06 08:27:01,192,199,66246,69996,226,323,188
2019-09-06 08:57:01,194,198,66337,70090,165,182,210
2019-09-06 09:27:01,195,196,66478,70203,242,215,219
2019-09-06 09:57:02,195,196,66610,70340,283,259,218
2019-09-06 10:28:01,193,199,66718,70442,238,220,213
2019-09-06 10:58:01,193,198,66829,70562,217,222,223
2019-09-06 11:28:01,191,199,66954,70687,238,246,230
2019-09-06 11:58:01,192,200,67105,70839,274,274,256
2019-09-06 12:28:01,190,200,67333,71053,378,367,285
2019-09-06 12:58:01,190,202,67573,71266,454,422,307
2019-09-06 13:28:01,191,202,67798,71516,430,463,303
2019-09-06 13:58:01,191,202,68111,71740,539,480,287
2019-09-06 14:28:01,190,202,68458,72013,667,505,269
2019-09-06 14:58:01,190,202,68726,72303,616,566,262
2019-09-06 15:28:01,191,202,68920,72552,463,540,246
2019-09-06 15:58:01,192,202,69132,72720,409,418,233
2019-09-06 16:28:01,194,199,69256,72872,322,301,240
2019-09-06 16:58:01,194,200,69449,73067,318,347,233
2019-09-06 17:28:01,194,199,69615,73261,363,390,230
2019-09-06 17:58:01,195,199,69784,73431,335,366,229
2019-09-06 18:28:01,195,199,69946,73623,336,365,219
2019-09-06 18:58:01,197,196,70153,73818,357,367,213
2019-09-06 19:28:01,198,196,70296,73981,353,358,210
2019-09-06 19:58:01,197,196,70467,74184,335,385,205
2019-09-06 20:28:01,196,196,70638,74355,342,382,199
2019-09-06 20:58:01,197,195,70798,74533,330,348,188
2019-09-06 21:28:01,192,195,70964,74690,326,335,186
2019-09-06 21:58:01,194,195,71107,74836,309,303,178
2019-09-06 22:28:01,193,196,71206,74989,244,299,162
2019-09-06 22:58:01,192,197,71341,75136,231,299,169
2019-09-06 23:28:01,194,196,71517,75318,315,326,165
2019-09-06 23:58:01,191,196,71666,75464,342,345,150
2019-09-07 00:28:01,191,198,71802,75596,292,284,160
2019-09-07 00:58:02,189,198,71964,75747,299,283,148
2019-09-07 01:29:01,189,200,72065,75849,242,236,158
2019-09-07 01:59:01,191,200,72213,76018,254,277,158
2019-09-07 02:29:01,193,197,72338,76186,274,335,157
2019-09-07 02:59:01,193,196,72480,76356,269,338,175
2019-09-07 03:29:01,193,196,72646,76534,310,348,173
2019-09-07 03:59:01,194,196,72791,76652,313,297,172
2019-09-07 04:29:01,195,195,72905,76822,258,289,186
2019-09-07 04:59:01,197,195,73030,76972,237,320,203
2019-09-07 05:29:01,198,195,73156,77120,251,297,219
2019-09-07 05:59:01,198,195,73300,77286,270,314,215
2019-09-07 06:29:01,198,195,73465,77457,306,330,219
2019-09-07 06:59:01,198,195,73627,77656,332,370,219
2019-09-07 07:29:01,198,195,73765,77827,307,383,250
2019-09-07 07:59:02,198,195,73922,78009,298,354,312
2019-09-07 08:30:01,198,195,74067,78206,291,339,349
2019-09-07 09:00:01,198,195,74208,78390,271,369,354
2019-09-07 09:30:01,199,193,74350,78599,305,409,372
2019-09-07 10:00:01,200,191,74525,78834,318,446,373
2019-09-07 10:30:01,202,188,74730,79091,380,492,385
2019-09-07 11:00:01,203,187,74958,79483,394,651,361
2019-09-07 11:30:01,203,187,75181,79722,463,643,339
2019-09-07 12:00:01,205,187,75452,80022,466,518,353
2019-09-07 12:30:01,204,187,75692,80320,493,583,381
2019-09-07 13:00:01,202,188,76008,80698,558,678,387
2019-09-07 13:30:01,202,186,76355,81078,636,695,356
2019-09-07 14:00:02,204,188,76708,81468,631,707,342
2019-09-07 14:31:01,206,185,77169,82056,782,917,338
2019-09-07 15:01:01,207,185,77545,82506,754,958,328
2019-09-07 15:31:01,209,181,77961,82939,794,884,304
2019-09-07 16:01:01,211,181,78197,83235,672,758,271
2019-09-07 16:31:01,208,180,78410,83437,419,480,231
2019-09-07 17:01:01,208,181,78547,83576,353,341,214
2019-09-07 17:31:01,207,182,78678,83737,270,295,204
2019-09-07 18:01:01,208,182,78877,83996,333,421,211
2019-09-07 18:31:01,208,181,79115,84332,425,589,199
2019-09-07 19:01:01,209,178,79325,84569,423,545,196
2019-09-07 19:31:01,208,177,79533,84840,386,501,199
2019-09-07 20:01:01,209,174,79709,85038,384,470,177
2019-09-07 20:31:01,211,174,79823,85136,295,299,174
2019-09-07 21:01:01,210,175,79937,85276,212,228,161
2019-09-07 21:31:02,214,173,80081,85459,280,334,172
2019-09-07 22:01:02,214,173,80209,85619,288,369,176
2019-09-07 22:31:02,214,173,80333,85792,252,341,164
2019-09-07 23:02:01,213,173,80463,85979,234,341,161
2019-09-07 23:32:01,213,173,80595,86158,251,339,150
2019-09-08 00:02:01,214,174,80728,86287,255,277,158
2019-09-08 00:32:01,214,175,80881,86443,289,285,148
2019-09-08 01:02:01,215,174,81026,86627,284,329,161
2019-09-08 01:32:01,217,171,81147,86779,267,335,161
2019-09-08 02:02:01,219,169,81243,86891,217,264,154
2019-09-08 02:32:01,218,169,81348,87036,201,259,159
2019-09-08 03:02:01,219,169,81474,87179,232,288,169
2019-09-08 03:32:01,219,169,81647,87328,316,300,182
2019-09-08 04:02:01,218,170,81767,87496,294,317,201
2019-09-08 04:32:01,215,169,81933,87674,286,345,203
2019-09-08 05:02:01,216,171,82143,87866,375,367,196
2019-09-08 05:32:01,217,170,82363,88133,431,464,219
2019-09-08 06:02:01,218,168,82531,88368,391,502,233
2019-09-08 06:32:01,219,168,82730,88586,367,454,238
2019-09-08 07:02:01,217,169,82903,88780,372,413,251
2019-09-08 07:32:01,218,171,83013,88974,283,388,271
2019-09-08 08:02:01,219,171,83186,89244,287,467,292
2019-09-08 08:32:01,217,170,83458,89539,448,570,315
2019-09-08 09:02:01,216,170,83755,89878,570,633,328
2019-09-08 09:32:01,216,169,84021,90166,561,595,321
2019-09-08 10:02:01,216,170,84254,90417,505,539,315
2019-09-08 10:32:01,216,171,84518,90683,497,518,315
2019-09-08 11:02:01,215,170,84892,91016,646,609,310
2019-09-08 11:32:01,217,169,85211,91333,683,629,310
2019-09-08 12:02:01,218,169,85533,91602,641,586,287
2019-09-08 12:32:01,217,168,85791,91888,580,555,282
2019-09-08 13:02:01,218,168,86071,92180,520,564,283
2019-09-08 13:32:01,219,168,86278,92433,469,516,255
2019-09-08 14:02:01,218,168,86495,92692,427,511,255
2019-09-08 14:32:01,218,167,86746,92989,473,565,240
2019-09-08 15:02:01,216,170,86983,93222,481,522,229
2019-09-08 15:32:01,217,169,87134,93372,391,383,201
2019-09-08 16:02:01,219,168,87234,93568,253,346,201
2019-09-08 16:32:01,220,167,87394,93757,266,393,190
2019-09-08 17:02:01,218,168,87506,93923,272,355,186
2019-09-08 17:32:01,217,170,87646,94071,253,314,188
2019-09-08 18:02:01,216,171,87802,94188,296,265,188
2019-09-08 18:32:01,218,171,87943,94314,294,242,185
2019-09-08 19:02:01,217,170,88120,94483,317,296,179
2019-09-08 19:32:01,219,170,88280,94647,337,333,157
2019-09-08 20:02:01,220,170,88420,94785,300,305,138
2019-09-08 20:32:02,221,170,88520,94888,261,263,133
2019-09-08 21:03:01,220,169,88613,94978,183,182,136
2019-09-08 21:33:01,222,169,88696,95114,164,218,126
2019-09-08 22:03:01,222,168,88780,95239,172,263,115
2019-09-08 22:33:01,222,167,88857,95327,162,213,104
2019-09-08 23:03:01,221,165,88907,95394,128,165,86
2019-09-08 23:33:01,221,165,88952,95430,95,104,89
2019-09-09 00:03:01,221,165,88985,95492,78,99,90
2019-09-09 00:33:01,221,165,89041,95561,93,131,88
2019-09-09 01:03:01,221,164,89125,95629,140,138,85
2019-09-09 01:33:01,221,165,89205,95703,164,142,95
2019-09-09 02:03:01,219,164,89261,95777,136,147,100
2019-09-09 02:33:01,219,164,89312,95843,107,139,96
2019-09-09 03:03:01,219,164,89350,95951,90,176,105
2019-09-09 03:33:01,219,166,89433,96045,122,202,122
2019-09-09 04:03:02,219,167,89496,96118,152,168,130
2019-09-09 04:34:01,222,167,89572,96232,143,190,137
2019-09-09 05:04:01,223,166,89648,96375,154,259,145
2019-09-09 05:34:01,224,164,89751,96502,186,271,145
2019-09-09 06:04:01,225,163,89833,96639,186,270,143
2019-09-09 06:34:01,223,165,89911,96765,162,264,150
2019-09-09 07:04:01,222,169,89999,96863,153,218,167
2019-09-09 07:34:01,222,168,90103,96978,192,214,176
2019-09-09 08:04:01,224,166,90191,97130,195,272,168
2019-09-09 08:34:01,224,166,90290,97276,187,300,176
2019-09-09 09:04:01,225,166,90408,97437,217,310,188
2019-09-09 09:34:01,226,166,90536,97611,245,336,210
2019-09-09 10:04:01,226,165,90702,97882,300,454,212
2019-09-09 10:34:01,226,165,90753,97946,305,459,192
2019-09-09 11:04:01,228,162,90856,98113,157,233,222
2019-09-09 11:34:01,229,162,91005,98325,268,412,245
2019-09-09 12:04:01,230,161,91169,98518,304,395,257
2019-09-09 12:34:01,228,161,91360,98775,372,479,252
2019-09-09 13:04:01,227,162,91582,99092,422,587,0
2019-09-09 13:34:01,228,162,91807,99349,449,575,227
2019-09-09 14:04:01,228,161,92042,99640,475,567,210
2019-09-09 14:34:01,229,157,92234,99893,426,545,214
2019-09-09 15:04:01,227,156,92395,100155,353,515,210
2019-09-09 15:34:01,226,155,92570,100367,330,465,221
2019-09-09 16:04:01,223,153,92717,100549,325,400,204
2019-09-09 16:34:01,225,150,92834,100728,266,363,193
2019-09-09 17:04:01,227,151,92982,100935,266,387,194
2019-09-09 17:34:01,228,151,93175,101102,343,374,205
2019-09-09 18:04:01,229,152,93286,101235,303,296,198
2019-09-09 18:34:01,229,153,93437,101390,271,295,213
2019-09-09 19:04:01,229,154,93619,101591,335,359,202
2019-09-09 19:34:01,229,155,93749,101744,312,353,174
2019-09-09 20:04:01,227,155,93894,101862,280,273,146
2019-09-09 20:34:01,228,157,94013,102003,264,259,151
2019-09-09 21:04:01,228,157,94124,102112,232,251,140
2019-09-09 21:34:01,229,156,94218,102231,212,229,128
2019-09-09 22:04:01,230,155,94251,102342,129,231,115
2019-09-09 22:34:01,228,160,94288,102406,70,175,109
2019-09-09 23:04:01,226,161,94373,102499,123,157,107
2019-09-09 23:34:01,226,161,94461,102584,173,180,102
2019-09-10 00:04:01,226,161,94533,102634,161,144,98
2019-09-10 00:34:01,225,161,94609,102733,150,150,99
2019-09-10 01:04:01,225,162,94692,102805,160,173,93
2019-09-10 01:34:01,226,161,94776,102881,169,145,90
2019-09-10 02:04:01,226,162,94887,102979,205,180,96
2019-09-10 02:34:01,225,163,94984,103085,208,209,95
2019-09-10 03:04:01,224,162,95052,103152,165,175,100
2019-09-10 03:34:01,224,161,95137,103223,153,138,98
2019-09-10 04:04:01,224,163,95245,103321,194,169,108
2019-09-10 04:34:02,223,162,95314,103418,174,205,119
2019-09-10 05:05:01,223,163,95429,103584,192,268,126
2019-09-10 05:35:01,221,163,95515,103697,212,283,118
2019-09-10 06:05:01,223,163,95619,103768,195,192,127
2019-09-10 06:35:01,222,165,95666,103832,162,144,143
2019-09-10 07:05:01,222,165,95722,103932,114,164,160
2019-09-10 07:35:01,223,164,95835,104030,168,195,159
2019-09-10 08:05:01,224,163,95973,104190,253,260,171
2019-09-10 08:35:01,224,162,96077,104328,246,300,163
2019-09-10 09:05:01,228,162,96222,104439,251,253,178
2019-09-10 09:35:01,228,161,96346,104547,265,213,197
2019-09-10 10:05:01,226,161,96479,104693,260,248,209
2019-09-10 10:35:01,227,161,96577,104822,231,276,240
2019-09-10 11:05:01,226,162,96692,104991,215,303,229
2019-09-10 11:35:01,228,162,96883,105189,336,396,234
2019-09-10 12:05:01,225,163,97085,105409,363,379,244
2019-09-10 12:35:02,222,164,97316,105688,438,506,276
2019-09-10 13:06:01,223,164,97557,106018,478,623,274
2019-09-10 13:36:01,224,164,97833,106314,518,629,259
2019-09-10 14:06:01,224,164,98111,106682,515,618,249
2019-09-10 14:36:01,223,164,98440,107016,592,700,237
2019-09-10 15:06:01,225,165,98782,107316,715,677,225
2019-09-10 15:36:01,226,164,99052,107656,575,622,0
2019-09-10 16:06:01,226,163,99336,107997,569,701,217
2019-09-10 16:36:01,226,163,99582,108379,551,758,231
2019-09-10 17:06:02,225,163,99830,108771,488,779,232
2019-09-10 17:37:01,226,163,100114,109086,534,707,237
2019-09-10 18:07:01,226,163,100406,109349,577,580,224
2019-09-10 18:37:01,226,163,100662,109684,552,599,197
2019-09-10 19:07:02,225,163,100908,109974,503,611,176
2019-09-10 19:38:01,225,163,101163,110256,463,535,164
2019-09-10 20:08:01,225,162,101344,110486,408,472,160
2019-09-10 20:38:01,226,162,101455,110621,295,365,151
2019-09-10 21:08:01,226,162,101571,110766,226,284,140
2019-09-10 21:38:01,226,161,101729,110931,276,310,135
2019-09-10 22:08:01,227,160,101843,111043,274,283,125
2019-09-10 22:38:01,226,161,101933,111108,205,177,129
2019-09-10 23:08:01,225,161,102073,111230,226,193,119
2019-09-10 23:38:01,225,160,102214,111420,282,312,106
2019-09-11 00:08:01,227,161,102250,111495,213,301,94
2019-09-11 00:38:01,228,161,102296,111576,131,234,97
2019-09-11 01:08:01,228,162,102356,111672,107,178,98
2019-09-11 01:38:01,230,161,102413,111722,95,125,110
2019-09-11 02:08:01,228,161,102451,111780,100,111,111
2019-09-11 02:38:01,229,159,102487,111810,76,87,113
2019-09-11 03:08:01,230,157,102558,111863,106,81,128
2019-09-11 03:38:01,231,155,102625,111928,140,117,119
2019-09-11 04:08:01,231,153,102673,111968,117,105,125
2019-09-11 04:38:01,231,153,102728,112036,94,110,139
2019-09-11 05:08:01,232,154,102814,112131,145,169,137
2019-09-11 05:38:01,236,153,102935,112237,212,205,146
2019-09-11 06:08:01,235,154,103041,112373,204,222,169
2019-09-11 06:38:01,235,153,103168,112527,239,315,180
2019-09-11 07:08:01,233,153,103301,112659,261,286,182
2019-09-11 07:38:01,232,152,103433,112777,264,257,185
2019-09-11 08:08:01,233,155,103553,112895,232,228,192
2019-09-11 08:38:02,234,151,103637,113035,214,272,197
2019-09-11 09:09:01,236,150,103725,113125,162,220,204
2019-09-11 09:39:01,235,150,103846,113236,219,218,223
2019-09-11 10:09:01,239,146,103972,113435,250,311,226
2019-09-11 10:39:01,238,144,104112,113622,259,383,237
2019-09-11 11:09:01,242,144,104251,113786,273,355,235
2019-09-11 11:39:01,243,144,104386,113924,271,296,238
2019-09-11 12:09:01,241,145,104525,114056,280,276,262
2019-09-11 12:39:01,238,144,104693,114188,293,235,280
2019-09-11 13:09:01,238,142,104846,114319,327,269,260
2019-09-11 13:39:01,238,141,104990,114463,286,264,252
2019-09-11 14:09:01,243,140,105113,114558,252,210,232
2019-09-11 14:39:01,240,139,105216,114621,252,180,234
2019-09-11 15:09:01,239,142,105284,114684,166,127,240
2019-09-11 15:39:01,241,143,105357,114748,148,120,253
2019-09-11 16:09:01,242,143,105463,114857,182,170,255
2019-09-11 16:39:01,241,143,105594,115002,243,270,241
2019-09-11 17:09:01,241,144,105750,115204,292,359,230
2019-09-11 17:39:01,239,144,105860,115337,271,342,223
2019-09-11 18:09:01,238,144,106064,115475,316,275,217
2019-09-11 18:39:01,239,147,106246,115617,394,284,195
2019-09-11 19:09:01,238,147,106378,115728,318,257,191
2019-09-11 19:39:01,237,146,106504,115872,274,270,191
2019-09-11 20:09:01,234,147,106678,116091,304,380,167
2019-09-11 20:39:01,233,148,106807,116245,304,375,154
2019-09-11 21:09:01,233,148,106918,116456,216,347,134
2019-09-11 21:39:01,233,148,107045,116638,246,407,121
2019-09-11 22:09:01,233,149,107154,116779,238,320,112
2019-09-11 22:39:01,233,154,107239,116877,199,240,104
2019-09-11 23:09:01,232,154,107356,116951,205,172,99
2019-09-11 23:39:01,232,154,107465,117032,226,160,96
2019-09-12 00:09:01,232,154,107548,117118,172,161,96
2019-09-12 00:39:01,231,156,107640,117236,175,204,97
2019-09-12 01:09:02,231,156,107733,117331,203,231,91
2019-09-12 01:41:01,231,155,107832,117492,153,234,90
2019-09-12 02:11:01,232,154,107874,117553,138,212,94
2019-09-12 02:41:01,232,154,107962,117615,146,134,100
2019-09-12 03:11:01,232,154,108031,117705,136,131,102
2019-09-12 03:41:01,233,151,108105,117790,119,150,104
2019-09-12 04:11:01,234,153,108170,117861,144,159,111
2019-09-12 04:41:01,233,154,108255,117933,165,158,111
2019-09-12 05:11:02,233,154,108337,118010,162,146,118
2019-09-12 05:42:01,233,155,108427,118089,140,127,122
2019-09-12 06:12:01,233,155,108549,118169,194,147,148
2019-09-12 06:42:01,232,156,108642,118271,218,188,157
2019-09-12 07:12:01,232,156,108752,118401,204,237,176
2019-09-12 07:42:01,233,156,108918,118592,279,324,175
2019-09-12 08:12:01,233,156,109084,118731,331,331,184
2019-09-12 08:42:01,233,157,109264,118903,346,313,210
2019-09-12 09:12:01,233,157,109451,119134,368,405,218
2019-09-12 09:42:01,236,156,109675,119346,413,446,222
2019-09-12 10:12:01,235,153,109959,119562,512,435,226
2019-09-12 10:42:01,233,150,110166,119702,492,358,226
2019-09-12 11:12:01,231,156,110264,119842,306,281,234
2019-09-12 11:42:01,232,157,110423,120023,257,321,254
2019-09-12 12:12:02,232,159,110618,120249,357,406,247
2019-09-12 12:43:01,232,160,110765,120447,342,425,248
2019-09-12 13:13:01,232,160,110937,120686,319,437,244
2019-09-12 13:43:02,231,158,111101,120926,338,480,255
2019-09-12 14:14:01,227,159,111282,121157,326,454,236
2019-09-12 14:44:02,222,160,111486,121428,348,443,234
2019-09-12 15:15:01,222,162,111737,121668,403,467,244
2019-09-12 15:45:01,223,162,111991,122041,506,615,237
2019-09-12 16:15:01,227,161,112237,122301,500,638,214
2019-09-12 16:45:01,232,161,112424,122495,446,458,208
2019-09-12 17:15:01,232,161,112603,122770,372,482,215
2019-09-12 17:45:02,230,161,112760,123042,337,551,224
2019-09-12 18:16:01,230,160,112963,123228,318,418,215
2019-09-12 18:46:01,230,160,113164,123515,401,471,208
2019-09-12 19:16:01,231,160,113354,123833,411,631,206
2019-09-12 19:46:01,231,160,113656,124091,527,617,191
2019-09-12 20:16:01,232,160,113960,124332,607,500,183
2019-09-12 20:46:01,232,161,114174,124578,528,496,171
2019-09-12 21:16:01,232,161,114336,124714,376,390,162
2019-09-12 21:46:01,232,161,114491,124889,317,313,146
2019-09-12 22:16:01,232,162,114588,124985,211,243,142
2019-09-12 22:46:01,231,163,114699,125077,181,176,138
2019-09-12 23:16:01,230,164,114872,125214,306,247,124
2019-09-12 23:46:01,231,162,115001,125399,313,334,117
2019-09-13 00:16:01,229,164,115131,125573,262,361,122
2019-09-13 00:46:01,227,163,115280,125757,275,361,130
2019-09-13 01:16:01,224,162,115413,125935,293,378,126
2019-09-13 01:46:01,224,163,115600,126124,322,367,119
2019-09-13 02:16:01,225,164,115815,126277,375,286,119
2019-09-13 02:46:01,226,164,115978,126432,372,323,137
2019-09-13 03:16:01,226,162,116175,126605,360,328,139
2019-09-13 03:46:01,227,162,116297,126772,321,341,147
2019-09-13 04:16:01,227,160,116465,126931,292,329,141
2019-09-13 04:46:01,226,161,116691,127094,416,339,157
2019-09-13 05:16:01,226,161,116796,127200,280,214,164
2019-09-13 05:46:01,225,163,116908,127349,232,274,188
2019-09-13 06:16:01,220,163,117007,127515,215,321,194
2019-09-13 06:46:01,221,163,117098,127668,204,332,198
2019-09-13 07:16:01,223,163,117188,127766,190,259,207
2019-09-13 07:46:01,226,162,117271,127875,152,188,196
2019-09-13 08:16:02,230,162,117411,128020,202,241,214
2019-09-13 08:47:01,230,162,117538,128166,276,303,220
2019-09-13 09:17:01,230,163,117660,128317,268,317,233
2019-09-13 09:47:01,231,162,117797,128450,271,297,233
2019-09-13 10:17:01,231,162,117991,128639,307,305,256
2019-09-13 10:47:01,231,162,118236,128925,439,477,256
2019-09-13 11:17:01,230,163,118493,129245,443,546,276
2019-09-13 11:47:01,230,163,118734,129543,501,621,288
2019-09-13 12:17:01,230,162,118951,129748,461,509,319
2019-09-13 12:47:01,228,162,119185,130082,378,491,318
2019-09-13 13:17:01,228,163,119430,130405,479,658,321
2019-09-13 13:47:01,228,163,119727,130722,543,638,334
2019-09-13 14:17:01,227,163,120017,131123,528,653,293
2019-09-13 14:47:01,226,164,120210,131414,473,648,289
2019-09-13 15:17:01,226,165,120410,131693,397,575,286
2019-09-13 15:47:02,226,164,120605,131921,395,513,264
2019-09-13 16:18:01,227,163,120882,132217,433,488,256
2019-09-13 16:48:01,228,162,121061,132425,400,460,239
2019-09-13 17:18:01,228,162,121251,132621,380,405,248
2019-09-13 17:48:01,228,162,121471,132890,412,480,268
2019-09-13 18:18:01,228,162,121682,133146,433,528,276
2019-09-13 18:48:01,228,162,121956,133464,491,582,288
2019-09-13 19:18:01,229,159,122175,133708,493,560,285
2019-09-13 19:48:01,232,158,122375,133992,417,531,263
2019-09-13 20:18:02,233,156,122568,134202,459,579,243
2019-09-13 20:49:02,233,156,122775,134390,394,397,214
2019-09-13 21:20:01,233,155,122898,134517,302,303,203
2019-09-13 21:50:01,236,155,122966,134621,177,223,191
2019-09-13 22:20:01,235,155,123053,134696,162,184,177
2019-09-13 22:50:01,235,157,123148,134782,174,161,169
2019-09-13 23:20:01,234,157,123231,134885,165,186,163
2019-09-13 23:50:01,234,159,123319,135012,172,231,160
2019-09-14 00:20:01,234,159,123431,135143,202,262,167
2019-09-14 00:50:01,235,157,123545,135241,226,216,161
2019-09-14 01:20:01,235,157,123665,135368,222,219,165
2019-09-14 01:50:01,233,156,123794,135510,238,261,155
2019-09-14 02:20:01,233,157,123905,135604,224,241,158
2019-09-14 02:50:01,233,156,123995,135719,202,208,175
2019-09-14 03:20:01,234,157,124122,135834,205,220,178
2019-09-14 03:50:01,234,157,124245,135951,240,222,197
2019-09-14 04:20:01,235,157,124363,136109,271,290,197
2019-09-14 04:50:01,235,156,124483,136233,249,308,206
2019-09-14 05:20:01,236,156,124599,136357,220,232,225
2019-09-14 05:50:01,235,156,124729,136467,245,236,245
2019-09-14 06:20:01,235,156,124859,136609,261,253,268
2019-09-14 06:50:01,235,156,124999,136787,248,304,281
2019-09-14 07:20:01,235,156,125158,136999,301,390,309
2019-09-14 07:50:01,234,156,125366,137205,338,391,326
2019-09-14 08:20:01,235,156,125580,137396,423,397,343
2019-09-14 08:50:01,234,158,125794,137588,441,393,394
2019-09-14 09:20:01,233,157,126037,137834,449,411,414
2019-09-14 09:50:01,234,157,126313,138104,523,519,406
2019-09-14 10:20:01,236,156,126581,138382,546,548,440
2019-09-14 10:50:01,237,155,126847,138670,549,575,454
2019-09-14 11:20:01,239,149,127122,138969,547,594,475
2019-09-14 11:50:01,240,144,127434,139373,592,708,460
2019-09-14 12:20:01,241,140,127722,139633,557,581,427
2019-09-14 12:50:02,244,137,127935,139960,485,572,406
2019-09-14 13:21:01,246,136,128231,140336,491,647,379
2019-09-14 13:51:01,249,135,128420,140593,428,565,387
2019-09-14 14:21:01,249,133,128639,140941,415,608,372
2019-09-14 14:51:01,251,126,128812,141156,390,565,341
2019-09-14 15:21:01,261,120,128924,141305,264,361,307
2019-09-14 15:51:01,266,112,129041,141420,210,236,280
2019-09-14 16:21:01,267,109,129153,141579,221,274,253
2019-09-14 16:51:01,269,108,129285,141761,256,369,237
2019-09-14 17:21:01,267,110,129384,141965,227,378,231
2019-09-14 17:51:01,264,110,129490,142201,208,440,241
2019-09-14 18:21:02,270,107,129624,142437,252,508,233
2019-09-14 18:52:01,271,105,129769,142665,290,462,226
2019-09-14 19:22:01,276,102,129913,142897,263,432,209
2019-09-14 19:52:01,276,101,130015,142966,204,235,220
2019-09-14 20:22:01,277,100,130127,143102,216,206,206
2019-09-14 20:52:01,277,98,130193,143244,183,284,191
2019-09-14 21:22:01,280,93,130276,143325,149,223,172
2019-09-14 21:52:01,283,92,130348,143423,156,174,158
2019-09-14 22:22:01,284,91,130398,143478,117,141,144
2019-09-14 22:52:01,282,88,130451,143555,116,136,137
2019-09-14 23:22:01,284,84,130518,143639,106,144,130
2019-09-14 23:52:01,284,79,130588,143702,137,147,131
2019-09-15 00:22:01,285,80,130668,143748,151,110,130
2019-09-15 00:52:01,286,79,130720,143796,133,93,144
2019-09-15 01:22:01,288,79,130832,143889,167,148,134
2019-09-15 01:52:01,289,82,130916,143955,197,158,132
2019-09-15 02:22:01,290,81,130973,144007,111,92,152
2019-09-15 02:52:01,288,76,131067,144101,153,132,174
2019-09-15 03:22:01,285,74,131164,144248,191,241,170
2019-09-15 03:52:01,287,73,131234,144381,174,280,179
2019-09-15 04:22:01,287,65,131333,144545,155,263,188
2019-09-15 04:52:01,289,64,131444,144674,216,299,210
2019-09-15 05:22:02,289,65,131520,144772,192,235,206
2019-09-15 05:52:02,289,70,131556,144846,88,135,208
2019-09-15 06:23:01,295,67,131631,144962,103,177,225
2019-09-15 06:53:01,299,67,131715,145074,142,201,241
2019-09-15 07:23:01,302,66,131810,145201,181,239,238
2019-09-15 07:53:01,301,60,131976,145351,263,278,278
2019-09-15 08:23:01,303,57,132139,145587,330,385,313
2019-09-15 08:53:01,305,57,132338,145800,364,449,312
2019-09-15 09:23:01,310,56,132459,145977,360,456,305
2019-09-15 09:53:01,310,56,132638,146277,351,533,332
2019-09-15 10:23:02,311,55,132889,146742,407,716,318
2019-09-15 10:54:01,312,53,133072,146945,409,601,307
2019-09-15 11:24:01,312,50,133195,147138,305,397,313
